Compound ID,Uniprot,Target,E3 ligase,PDB,Smiles,DC50 (nM),Dmax (%),Assay (DC50/Dmax),Percent degradation (%),Assay (Percent degradation),Molecular Weight,Exact Mass,XLogP3,Heavy Atom Count,Ring Count,Hydrogen Bond Acceptor Count,Hydrogen Bond Donor Count,Rotatable Bond Count,Topological Polar Surface Area,warhead smiles,e3 ligand smiles,linker smiles,label,percent_values,dose_values,E3 ligase Uniprot
760,O60674,JAK2,CRBN,,O=C1CCC(N2CC3=C(NC(=O)COCCOCCOCCOCCN4C=C(NC5=NC=C(Cl)C(NCC6=CC(F)=CC=C6F)=N5)C=N4)C=CC=C3C2=O)C(=O)N1,,N.D.,,,,812.231,811.26564336,1.53,57,6,14,4,21,200.16,OCCN1C=C(NC2=NC=C(Cl)C(NCC3=CC(F)=CC=C3F)=N2)C=N1,NC1=CC=CC2=C1CN(C1CCC(=O)NC1=O)C2=O,CCOCCOCCOCC=O,False,,,Q96SW2
396,Q00534,CDK6,CRBN,,CC1=NC2=C(F)C=C(C3=NC(NC4=CC=C(CN5CCN(CC6=CN(CCOCCOCCOCCNC7=CC=CC8=C7C(=O)N(C7CCC(=O)NC7=O)C8=O)N=N6)CC5)C=N4)=NC=C3F)C=C2N1C(C)C,271.9,,Degradation of CDK6 in U251 cells after 24 h treatment,,,991.074,990.442446572,2.69,72,9,19,3,22,228.98,CCN1CCN(CC2=CC=C(NC3=NC=C(F)C(C4=CC(F)=C5N=C(C)N(C(C)C)C5=C4)=N3)N=C2)CC1,NC1=CC=CC2=C1C(=O)N(C1CCC(=O)NC1=O)C2=O,cn(CCOCCOCCOCC)nn,False,,,Q96SW2
1008,Q9UBN7,HDAC6,CRBN,,O=C1CCC(N2C(=O)C3=CC=CC(NCCOCCOCCN4C=C(CCCCN(CC5=CC=C(C(=O)NO)C=C5)C(=O)NC5=CC=CC=C5)N=N4)=C3C2=O)C(=O)N1,3.8,,Degradation of HADC6 in MM.1S cells after 24 h treatment,,,795.854,795.33402402,1.94,58,6,13,5,20,226.42,O=CNO,O=C1CCC(N2C(=O)C3=CC=CC=C3C2=O)C(=O)N1,NCCOCCOCCn1cc(CCCCN(Cc2ccccc2)C(=O)Nc2ccccc2)nn1,True,,,Q96SW2
2746,P49840,GSK3A,VHL,,COC1=CC=C(C2=C(C(=O)NCCCN3C=C(CCCCC(=O)N[C@@H](C(=O)N4C[C@H](O)C[C@H]4C(=O)NCC4=CC=C(C5=C(C)N=CS5)C=C4)C(C)(C)C)N=N3)N=CO2)C=C1Cl,,,,<5/<5,% GSK3A degradation in SH-SY5Y cells after 24 h treatment at 1000/10000 nM,874.465,873.339893684,4.99,61,6,13,4,18,206.7,cn(CCCNC(=O)c1ncoc1-c1ccc(OC)c(Cl)c1)nn,CC(=O)N[C@H](C(=O)N1C[C@H](O)C[C@H]1C(=O)NCC1=CC=C(C2=C(C)N=CS2)C=C1)C(C)(C)C,CCCC,False,"[5.0, 5.0]","[1000.0, 10000.0]",P40337
1338,P07437,Beta-tubulin,CRBN,,CC[C@H](C)[C@@H]([C@@H](CC(=O)N1CCC[C@H]1[C@H](OC)[C@@H](C)C(=O)N[C@H](C)[C@@H](O)C1=CC=CC=C1)OC)N(C)C(=O)[C@@H](NC(=O)[C@H](C(C)C)N(C)C(=O)CCCCCCCCCNC1=CC=CC2=C1C(=O)N(C1CCC(=O)NC1=O)C2=O)C(C)C,,N.D.,,,,1143.478,1142.69912045,7.61,82,5,13,5,32,253.4,CC[C@H](C)[C@@H]([C@@H](CC(=O)N1CCC[C@H]1[C@H](OC)[C@@H](C)C(=O)N[C@H](C)[C@@H](O)c1ccccc1)OC)N(C)C(=O)[C@@H](NC(=O)[C@@H](NC)C(C)C)C(C)C,O=C1CCC(N2C(=O)C3=CC=CC=C3C2=O)C(=O)N1,NCCCCCCCCCC=O,False,,,Q96SW2
224,Q9UM73,ALK,CRBN,,CC1=CC(NC2=NC=C(Cl)C(NC3=CC=CC=C3S(=O)(=O)C(C)C)=N2)=C(OC(C)C)C=C1C1CCN(CC(=O)NCCNC2=CC=CC3=C2C(=O)N(C2CCC(=O)NC2=O)C3=O)CC1,11/59,,Degradation of NPM-ALK/EML4-ALK in SU-DHL-1/NCI-H2228 cells after 16 h treatment,,,914.486,913.334808304,6.66,64,7,14,5,16,221.13,CC1=CC(NC2=NC=C(Cl)C(NC3=CC=CC=C3S(=O)(=O)C(C)C)=N2)=C(OC(C)C)C=C1C1CCNCC1,O=C1CCC(N2C(=O)C3=CC=CC=C3C2=O)C(=O)N1,CC(=O)NCCN,True,,,Q96SW2
955,P01116,KRAS G12C,CRBN,,C=CC(=O)N1CCN(C2=NC(NCCCCN3CCN(CCCCNC4=CC=CC5=C4C(=O)N(C4CCC(=O)NC4=O)C5=O)CC3)=NC3=C(F)C(C4=CC(O)=CC5=CC=CC=C45)=C(Cl)C=C23)CC1,,N.D.,,,,945.497,944.390035348,7.14,68,9,13,4,16,183.65,C=CC(=O)N1CCN(C2=NC=NC3=C(F)C(C4=CC(O)=CC5=CC=CC=C45)=C(Cl)C=C23)CC1,O=C1CCC(N2C(=O)C3=CC=CC=C3C2=O)C(=O)N1,NCCCCN1CCN(CCCCN)CC1,False,,,Q96SW2
1795,O60885,BRD4,VHL,,CC1=C(C2=CC=C(CNC(=O)[C@@H]3C[C@@H](O)CN3C(=O)[C@@H](NC(=O)CCC3=CC(N)=CC(CCOCCOCC#CC4=CC=C(C5=N[C@@H](CC6=NC=CS6)C6=NN=C(C)N6C6=C5C(C)=C(C)S6)C=C4)=C3)C(C)(C)C)C=C2)SC=N1,87,100,Degradation of BRD4 in PC3-S1 cells after 4 h treatment,,,1107.442,1106.43289283,7.89,78,9,16,4,19,212.07,,,,True,,,P40337
2844,Q9UBN7,HDAC6,CRBN,,O=C(CCCO/N=C1C(=C2/C(=O)N(CC3=CN(CCOCCOCCNC4=CC=CC5=C4C(=O)N(C4CCC(=O)NC4=O)C5=O)N=N3)C3=CC=CC=C23)/NC2=CC=CC=C/12)NO,,25,Degradation of HDAC6 in K562 cells after 8 h treatment,,,846.858,846.308537544,1.57,62,8,16,5,18,248.01,O=CNO,O=C1CCC(N2C(=O)C3=CC=CC=C3C2=O)C(=O)N1,CCCO/N=C1C(=C2/C(=O)N(Cc3cn(CCOCCOCCN)nn3)c3ccccc32)/Nc2ccccc2/1,False,,,Q96SW2
2437,O15379,HDAC3,VHL,,CC1=C(C2=CC=C(CNC(=O)[C@@H]3C[C@@H](O)CN3C(=O)[C@@H](NC(=O)COCCOCCOCC(=O)NC3=CC=C(C(=O)NC4=CC(C5=CC=CS5)=CC=C4N)C=C3)C(C)(C)C)C=C2)SC=N1,,23,Degradation of HDAC3 in HCT116 cells after 24 h treatment,,,926.131,925.35026834,4.3,65,6,13,6,20,223.54,CC(=O)NC1=CC=C(C(=O)NC2=CC(C3=CC=CS3)=CC=C2N)C=C1,CC(=O)N[C@H](C(=O)N1C[C@H](O)C[C@H]1C(=O)NCC1=CC=C(C2=C(C)N=CS2)C=C1)C(C)(C)C,OCCOCCO,False,,,P40337
604,P50750,CDK9,CRBN,,O=C(CCC(=O)N1CCC(NC(=O)C2=C(NC(=O)C3=C(Cl)C=CC=C3Cl)C=N[NH]2)CC1)NCCCCNC(=O)COC1=CC=CC2=C1C(=O)N(C1CCC(=O)NC1=O)C2=O,,N.D.,,,,866.716,865.235343872,1.63,60,6,11,6,16,258.17,O=C(NC1CCNCC1)C1=C(NC(=O)C2=C(Cl)C=CC=C2Cl)C=N[NH]1,O=C1CCC(N2C(=O)C3=CC=CC=C3C2=O)C(=O)N1,O=CCCC(=O)NCCCCNC(=O)CO,False,,,Q96SW2
2619,P00533,EGFR e19d,VHL,,C=CC(=O)N1CC[C@H](N2C(NC3=CC=CC=C3)=NC3=CN=C(NC4=CC=C(N5CCN(CCCCCCC(=O)N[C@H](C(=O)N6C[C@H](O)C[C@H]6C(=O)NCC6=CC=C(C7=C(C)N=CS7)C=C6)C(C)(C)C)CC5)C=C4)N=C32)C1,,,,65/81,% EGFR del19 degradation in HCC827 cells after 24 h treatment at 3/30 nM,1050.348,1049.54218337,7.56,76,9,15,5,20,206.08,C=CC(=O)N1CC[C@H](N2C(NC3=CC=CC=C3)=NC3=CN=C(NC4=CC=C(N5CCN(C)CC5)C=C4)N=C32)C1,CC(=O)N[C@H](C(=O)N1C[C@H](O)C[C@H]1C(=O)NCC1=CC=C(C2=C(C)N=CS2)C=C1)C(C)(C)C,CCCC,True,"[65.0, 81.0]","[3.0, 30.0]",P40337
1599,O43924,PDEdelta,CRBN,,CC1=CC=C(N2N=C3C(=O)N(CCCC(=O)NCCOCCOCCNC4=CC=CC5=C4C(=O)N(C4CCC(=O)NC4=O)C5=O)N=C(C)C3=C2C)C=C1,30000,,Degradation of PDEdelta in SW480 cells after 24 h treatment,,,726.791,726.312560304,2.01,53,6,13,3,16,195.85,Cc1ccc(-n2nc3c(=O)nnc(C)c3c2C)cc1,NC1=CC=CC2=C1C(=O)N(C1CCC(=O)NC1=O)C2=O,CCCC(=O)NCCOCCOCC,False,,,Q96SW2
521,Q9UM73,ALK,VHL,,COC1=CC(N2CCC(NC(=O)CCCCCCCC(=O)N[C@H](C(=O)N3C[C@H](O)C[C@H]3C(=O)NCC3=CC=C(C4=C(C)N=CS4)C=C3)C(C)(C)C)CC2)=CC=C1NC1=NC=C(Cl)C(NC2=CC=CC=C2P(C)(C)=O)=N1,20.9,,Degradation of ALK in SR cells after 16 h treatment,,,1083.738,1082.47322995,8.4,75,7,14,6,22,220.11,COC1=CC(N2CCC(N)CC2)=CC=C1NC1=NC=C(Cl)C(NC2=CC=CC=C2P(C)(C)=O)=N1,CC(=O)N[C@H](C(=O)N1C[C@H](O)C[C@H]1C(=O)NCC1=CC=C(C2=C(C)N=CS2)C=C1)C(C)(C)C,CCCCCCC=O,True,,,P40337
1111,P04035,HMGCR,CRBN,,CC(C)C1=C(C(=O)NC2=CC=CC=C2)C(C2=CC=CC(OCCCC3=CN(CCOCCOCCNC4=CC=CC5=C4C(=O)N(C4CCC(=O)NC4=O)C5=O)N=N3)=C2)=C(C2=CC=C(F)C=C2)N1CC[C@@H](O)C[C@@H](O)CC(=O)O,>3000,,Degradation of HMGCR in SRD15 cells after 16 h treatment,,,1071.173,1070.45494768,5.12,78,8,16,6,28,265.77,CC(C)C1=C(C(=O)NC2=CC=CC=C2)C(C2=CC=CC=C2)=C(C2=CC=C(F)C=C2)N1CC[C@@H](O)C[C@@H](O)CC(=O)O,O=C1CCC(N2C(=O)C3=CC=CC=C3C2=O)C(=O)N1,NCCOCCOCCn1cc(CCCO)nn1,False,,,Q96SW2
1655,Q05397,FAK,CRBN,,COC1=CC(C(=O)NCCOCCOCCOCCC(=O)NC2=CC=CC3=C2C(=O)N(C2CCC(=O)NC2=O)C3=O)=CC=C1NC1=NC=C(C(F)(F)F)C(OC2=CC=CC3=C2C(=O)CC3)=N1,398/3/13,30/95/90,Degradation of Fak in HLF/SNU-398/HUCCT1 cells after 18 h treatment,,,917.851,917.284354444,2.93,66,7,15,4,20,242.78,ccc(Nc1ncc(C(F)(F)F)c(Oc2cccc3c2C(=O)CC3)n1)c(c)OC,NC1=CC=CC2=C1C(=O)N(C1CCC(=O)NC1=O)C2=O,CC(=O)NCCOCCOCCOCCC=O,True,,,Q96SW2
1653,Q15059,BRD3,VHL,,CC(=O)N1C2=CC=C(C3=CC=C(C(=O)NCCOCCOCCOCCOCC(=O)N[C@H](C(=O)N4C[C@H](O)C[C@H]4C(=O)NCC4=CC=C(C5=C(C)N=CS5)C=C4)C(C)(C)C)C=C3)C=C2[C@H](NC2=CC=C(Cl)C=C2)C[C@@H]1C,20,92,Degradation of BRD3 in HeLa cells after 24 h treatment,,,1080.746,1079.45934012,6.41,76,7,13,5,24,209.99,ccc(cc)-c1ccc2c(c1)[C@H](Nc1ccc(Cl)cc1)C[C@H](C)N2C(C)=O,CC(=O)N[C@H](C(=O)N1C[C@H](O)C[C@H]1C(=O)NCC1=CC=C(C2=C(C)N=CS2)C=C1)C(C)(C)C,CC(=O)NCCOCCOCCOCCO,True,,,P40337
2114,Q05397,FAK,CRBN,,CNC(=O)C1=CC=CC=C1NC1=CC(NC2=CC=C(N3CCN(CCOCCOCCNC(=O)CNC4=CC=CC5=C4C(=O)N(C4CCC(=O)NC4=O)C5=O)CC3)C=C2OC)=NC=C1C(F)(F)F,,,,70-84/>85,% FAK degradation in PA-TU-8988T cells after 4 h treatment at 10/100 nM,944.969,944.379257872,4.37,68,7,15,6,20,224.9,CNC(=O)c1ccccc1Nc1cc(Nc2ccc(N3CCNCC3)cc2OC)ncc1C(F)(F)F,O=C1CCC(N2C(=O)C3=CC=CC=C3C2=O)C(=O)N1,CCOCCOCCNC(=O)CN,True,"[84.0, 85.0]","[10.0, 100.0]",Q96SW2
195,P11474,ERRalpha,VHL,,COC1=CC(/C=C(\C#N)C(=O)NCCC(=O)N[C@H](C(=O)N2C[C@H](O)C[C@H]2C(=O)NCC2=CC=C(C3=C(C)N=CS3)C=C2)C(C)(C)C)=CC=C1OCC1=CC=C(C(F)(F)F)C=C1C(F)(F)F,,,,28/50,% ERRalpha degradation in MDA-MB-231 cells after 4 h treatment at 30/100 nM,928.953,928.305288132,6.78,65,5,10,4,15,182.98,COC1=CC(/C=C(\C#N)C(N)=O)=CC=C1OCC1=CC=C(C(F)(F)F)C=C1C(F)(F)F,CC(=O)N[C@H](C(=O)N1C[C@H](O)C[C@H]1C(=O)NCC1=CC=C(C2=C(C)N=CS2)C=C1)C(C)(C)C,C,False,"[28.0, 50.0]","[30.0, 100.0]",P40337
2435,Q13547,HDAC1,VHL,,CC1=C(C2=CC=C(CNC(=O)[C@@H]3C[C@@H](O)CN3C(=O)[C@@H](NC(=O)CCCCCCCC(=O)NC3=CC=C(C(=O)NC4=CC(C5=CC=CS5)=CC=C4N)C=C3)C(C)(C)C)C=C2)SC=N1,,6,Degradation of HDAC1 in HCT116 cells after 24 h treatment,,,892.161,891.381174544,6.89,63,6,10,6,18,195.85,CC(=O)NC1=CC=C(C(=O)NC2=CC(C3=CC=CS3)=CC=C2N)C=C1,CC(=O)N[C@H](C(=O)N1C[C@H](O)C[C@H]1C(=O)NCC1=CC=C(C2=C(C)N=CS2)C=C1)C(C)(C)C,CCCCC,False,,,P40337
1460,Q9NWZ3,IRAK4,CRBN,,CN(CCOCCCC1=CC=CC2=C1C(=O)N(C1CCC(=O)NC1=O)C2=O)CC1=CC=C(N2C=C(NC(=O)C3=COC(C4=CC=NC(NCC5CC5)=C4)=N3)C(C(N)=O)=N2)C=C1,,,,20-50/>50/>50,% IRAK4 degradation in OCILY-10 cells after 4 h treatment at 10/100/1000 nM,828.887,828.334358368,3.1,61,8,14,4,18,236.98,NC(=O)C1=NN(C2=CC=CC=C2)C=C1NC(=O)C1=COC(C2=CC=NC(NCC3CC3)=C2)=N1,O=C1CCC(N2C(=O)C3=CC=CC=C3C2=O)C(=O)N1,CCCOCCN(C)C,False,"[50.0, 50.0, 50.0]","[10.0, 100.0, 1000.0]",Q96SW2
1496,Q06124,SHP2,VHL,,CC1=C(C2=CC=C([C@H](C)NC(=O)[C@@H]3C[C@@H](O)CN3C(=O)[C@@H](NC(=O)CCCCCCCCCCNC(=O)CCC(=O)NC3=CC=CC(SC4=NC=C(N5CCC(C)(N)CC5)N=C4N)=C3Cl)C(C)(C)C)C=C2)SC=N1,,,,>95/>95,% SHP2 degradation in KYSE520 cells after 6 h treatment at 100/1000 nM,1074.86,1073.51099883,7.28,74,6,14,7,24,250.89,CC1(N)CCN(C2=CN=C(SC3=CC=CC(N)=C3Cl)C(N)=N2)CC1,CC(=O)N[C@H](C(=O)N1C[C@H](O)C[C@H]1C(=O)N[C@@H](C)C1=CC=C(C2=C(C)N=CS2)C=C1)C(C)(C)C,CCCCCCCCCNC(=O)CCC=O,True,"[95.0, 95.0]","[100.0, 1000.0]",P40337
2525,P10275,AR T878A,CRBN,,CN(C1=CC=C(C#N)C(Cl)=C1)[C@H]1CC[C@H](NC(=O)C2=CC=C(N3CCN(CC4CN(C5=CC=C6C(=O)N(C7CCC(=O)NC7=O)C(=O)C6=C5)C4)CC3)C=C2)CC1,0.9,99,Degradation of AR T878A in LNCaP (AR T878A) cells after 24 h treatment,,,777.326,776.32014422,4.69,56,8,10,2,9,149.4,CN(C1=CC=C(C#N)C(Cl)=C1)[C@H]1CC[C@H](NC(=O)C2=CC=CC=C2)CC1,O=C1CCC(N2C(=O)C3=CC=CC=C3C2=O)C(=O)N1,C1CN(CC2CNC2)CCN1,True,,,Q96SW2
2431,O15379,HDAC3,VHL,,CC1=C(C2=CC=C(CNC(=O)[C@@H]3C[C@@H](O)CN3C(=O)[C@@H](NC(=O)CCCCCCCC(=O)NC3=CC=C(C(=O)NC4=CC=C(F)C=C4N)C=C3)C(C)(C)C)C=C2)SC=N1,,39,Degradation of HDAC3 in HCT116 cells after 24 h treatment,,,828.024,827.384031668,5.64,59,5,9,6,17,195.85,,,,False,,,P40337
121,P10275,AR,VHL,,CC1=C(C2=CC=C([C@H](CC(=O)N3CCC(N4CCC(C#CC5=CC=C(C(=O)N[C@H]6C(C)(C)[C@H](OC7=CC=C(C#N)C(Cl)=C7)C6(C)C)C=C5)CC4)CC3)NC(=O)[C@@H]3C[C@@H](O)CN3C(=O)[C@@H](NC(=O)C3(C#N)CC3)C(C)(C)C)C=C2)SC=N1,,,,76/99/100,% AR degradation in LNCaP cells after 6 h treatment at 10/100/1000 nM,1136.861,1135.51204439,8.81,81,9,12,4,14,221.09,,,,True,"[76.0, 99.0, 100.0]","[10.0, 100.0, 1000.0]",P40337
1385,Q06187,BTK,CRBN,,CC(C)(/C=C(/C#N)C(=O)N1CCC[C@@H](N2N=C(C3=CC=C(OC4=CC=CC=C4)C=C3)C3=C(N)N=CN=C32)C1)CCCOCCOCCOCCOCCOC1=CC=CC2=C1C(=O)N(C1CCC(=O)NC1=O)C2=O,6,85,Degradation of BTK in Mino cells after 24 h treatment,,,998.107,997.433403708,4.5,73,8,17,2,24,252.65,NC1=NC=NC2=C1C(C1=CC=C(OC3=CC=CC=C3)C=C1)=NN2[C@@H]1CCCNC1,O=C1CCC(N2C(=O)C3=CC=CC=C3C2=O)C(=O)N1,CC(C)(/C=C(/C#N)C=O)CCCOCCOCCOCCOCCO,True,,,Q96SW2
1381,Q06187,BTK,CRBN,,NC1=NC=NC2=C1C(C1=CC=C(OC3=CC=CC=C3)C=C1)=NN2[C@@H]1CCCN(C(=O)/C=C/COCCOCCOCCOCCOCCOC2=CC=CC3=C2C(=O)N(C2CCC(=O)NC2=O)C3=O)C1,8.6,91,Degradation of BTK in Mino cells after 24 h treatment,,,947.015,946.386119168,2.37,69,8,17,2,24,238.09,NC1=NC=NC2=C1C(C1=CC=C(OC3=CC=CC=C3)C=C1)=NN2[C@@H]1CCCNC1,O=C1CCC(N2C(=O)C3=CC=CC=C3C2=O)C(=O)N1,O=C/C=C/COCCOCCOCCOCCOCCO,True,,,Q96SW2
2293,P61964,WDR5,VHL,,CC1=C(C2=CC=C(CNC(=O)[C@@H]3C[C@@H](O)CN3C(=O)[C@@H](NC(=O)CCOCCOC3=CC=C(C4=CN5CCCC5=N4)C=C3CNC(=O)CC3=CC=C(Cl)C(Cl)=C3)C(C)(C)C)C=C2)SC=N1,,N.D.,,,,944.983,943.32607346,5.84,65,7,11,4,18,177.01,O=C(CC1=CC=C(Cl)C(Cl)=C1)NCC1=CC=CC(C2=CN3CCCC3=N2)=C1,CC(=O)N[C@H](C(=O)N1C[C@H](O)C[C@H]1C(=O)NCC1=CC=C(C2=C(C)N=CS2)C=C1)C(C)(C)C,COCCO,False,,,P40337
2131,P51532,SMARCA4,VHL,,CC1=C(C2=CC=C(CNC(=O)[C@@H]3C[C@@H](O)CN3C(=O)[C@@H](NC(=O)C3(F)CC3)C(C)(C)C)C(OCCC3=CC=C(OCCN4CCN(C5=CC(C6=CC=CC=C6O)=NN=C5N)CC4)C=C3)=C2)SC=N1,26,99,Degradation of SMARCA4 in A549 cells,,,950.151,949.43204448,5.44,68,8,14,5,17,208.6,NC1=NN=C(C2=CC=CC=C2O)C=C1N1CCNCC1,CC1=C(C2=CC=C(CNC(=O)[C@@H]3C[C@@H](O)CN3C(=O)[C@@H](NC(=O)C3(F)CC3)C(C)(C)C)C=C2)SC=N1,CCOc1ccc(CCO)cc1,True,,,P40337
2660,P06730,eIF4E,CRBN,,O=C1CCC(N2C(=O)C3=CC=CC(NCCCCNC(=O)/C(CC4=CC=CC=C4[N+](=O)[O-])=N/NC4=NC(C5=CC=C(C6=CC=CC=C6)C=C5)=CS4)=C3C2=O)C(=O)N1,,N.D.,,,,784.855,784.242766492,7.35,57,7,12,4,15,205.1,O=[N+]([O-])c1ccccc1CC=NNc1nc(-c2ccc(-c3ccccc3)cc2)cs1,NC1=CC=CC2=C1C(=O)N(C1CCC(=O)NC1=O)C2=O,CCCCNC=O,False,,,Q96SW2
445,Q02750,MEK1,CRBN,,CC1=CC(NS(=O)(=O)C2=CC=C(OCC(=O)NCCOCCOCCOCC(=O)NC3=CC=CC4=C3CN(C3CCC(=O)NC3=O)C4=O)C=C2)=C(NC2=CC=C(I)C=C2F)N(C)C1=O,,,,41/88,% MEK1 degradation in A375 cells after 16 h treatment at 1000/10000 nM,1017.828,1017.1875671,1.54,64,6,14,5,21,241.8,CC1=CC(NS(=O)(=O)C2=CC=CC=C2)=C(NC2=CC=C(I)C=C2F)N(C)C1=O,NC1=CC=CC2=C1CN(C1CCC(=O)NC1=O)C2=O,O=CCOCCOCCOCCNC(=O)CO,False,"[41.0, 88.0]","[1000.0, 10000.0]",Q96SW2
3216,P10415,BCL2,VHL,,CC1=C(C2=CC=C([C@H](C)NC(=O)[C@@H]3C[C@@H](O)CN3C(=O)[C@@H](NC(=O)CCCCCCC(=O)N3CCN(CC4(C)CCC(C5=CC=C(Cl)C=C5)=C(CN5CCN(C6=CC=C(C(=O)NS(=O)(=O)C7=CC=C(N[C@H](CCN8CCOCC8)CSC8=CC=CC=C8)C(S(=O)(=O)C(F)(F)F)=C7)C=C6)CC5)C4)CC3)C(C)(C)C)C=C2)SC=N1,54,94,Degradation of BCL2 in 293T cells after 16 h treatment,,,1641.523,1639.65184952,12.31,112,11,19,5,31,263.54,CC1(C)CCC(C2=CC=C(Cl)C=C2)=C(CN2CCN(C3=CC=C(C(=O)NS(=O)(=O)C4=CC=C(N[C@H](CCN5CCOCC5)CSC5=CC=CC=C5)C(S(=O)(=O)C(F)(F)F)=C4)C=C3)CC2)C1,CC(=O)N[C@H](C(=O)N1C[C@H](O)C[C@H]1C(=O)N[C@@H](C)C1=CC=C(C2=C(C)N=CS2)C=C1)C(C)(C)C,CCCCCC(=O)N1CCNCC1,True,,,P40337
2659,P06730,eIF4E,CRBN,,C/C(=N\NC1=NC(C2=CC=C(C3=CC=CC=C3)C=C2)=CS1)C(=O)NCCCCNC1=CC=CC2=C1C(=O)N(C1CCC(=O)NC1=O)C2=O,,N.D.,,,,663.76,663.226388156,5.93,48,6,10,4,12,161.96,NNc1nc(-c2ccc(-c3ccccc3)cc2)cs1,NC1=CC=CC2=C1C(=O)N(C1CCC(=O)NC1=O)C2=O,CCCCNC(=O)CC,False,,,Q96SW2
2438,O15379,HDAC3,VHL,,CC(=O)N[C@H](C(=O)N1C[C@H](O)C[C@H]1C(=O)NCC1=CC=C(C2=C(C)N=CS2)C=C1OCCCCCCCCCCCC(=O)NC1=CC=C(C(=O)NC2=CC=CC=C2N)C=C1)C(C)(C)C,1380,76,Degradation of HDAC3 in HCT116 cells after 24 h treatment,,,896.168,895.46661842,7.56,64,5,10,6,22,205.08,NC1=CC=CC=C1NC=O,CC(=O)N[C@H](C(=O)N1C[C@H](O)C[C@H]1C(=O)NCC1=CC=C(C2=C(C)N=CS2)C=C1)C(C)(C)C,O=C(CCCCCCCCCCCO)Nc1ccccc1,False,,,P40337
334,O43353,RIPK2,VHL,,CC1=C(C2=CC=C(CNC(=O)[C@@H]3C[C@@H](O)CN3C(=O)[C@@H](NC(=O)COCCOCCOCCOCCOC3=CC4=NC=CC(NC5=CC=C6SC=NC6=C5)=C4C=C3S(=O)(=O)C(C)(C)C)C(C)(C)C)C=C2)SC=N1,1.4,95,Degradation of RIPK2 in THP-1 cells after 16 h treatment,,,1060.331,1059.3904189,5.91,73,7,17,4,24,229.73,COC1=CC2=NC=CC(NC3=CC=C4SC=NC4=C3)=C2C=C1S(=O)(=O)C(C)(C)C,CC(=O)N[C@H](C(=O)N1C[C@H](O)C[C@H]1C(=O)NCC1=CC=C(C2=C(C)N=CS2)C=C1)C(C)(C)C,COCCOCCOCCO,True,,,P40337
575,P00533,EGFR,MDM2,,C=CC(=O)NC1=CC=CC(N2C(=O)C=C(C)C3=CN=C(NC4=CC=C(N5CCN(CCCCCCCCCCCCNC(=O)C6=CC=C(NC(=O)[C@@H]7N[C@@H](CC(C)(C)C)[C@](C#N)(C8=CC=C(Cl)C=C8F)[C@H]7C7=CC=CC(Cl)=C7F)C(OC)=C6)CC5)C=C4OC)N=C32)=C1,>2000,,Degradation of EGFR in A431 cells after 16 h treatment,,,1293.402,1291.57164111,13.92,92,9,14,5,27,207.87,C=CC(=O)NC1=CC=CC(N2C(=O)C=C(C)C3=CN=C(NC4=CC=C(N5CCN(C)CC5)C=C4OC)N=C32)=C1,COc1ccccc1NC(=O)[C@@H]1N[C@@H](CC(C)(C)C)[C@](C#N)(c2ccc(Cl)cc2F)[C@H]1c1cccc(Cl)c1F,CCCCCCCCCCCNC=O,False,,,Q00987
2973,P01116,KRAS G12C,CRBN,,COC1=CC(Cl)=C(C2=CC(Cl)=CC=C2Cl)C=C1C(=O)N1CCN(C(=O)CCC(=O)NCCCNC2=CC=CC3=C2C(=O)N(C2CCC(=O)NC2=O)C3=O)CC1,,N.D.,,,,812.107,810.173845184,4.11,55,6,9,3,12,174.53,COc1cc(Cl)c(-c2cc(Cl)ccc2Cl)cc1C(=O)N1CCN(C=O)CC1,NC1=CC=CC2=C1C(=O)N(C1CCC(=O)NC1=O)C2=O,CCCNC(=O)CC,False,,,Q96SW2
2889,Q05397,FAK,VHL,,CNC(=O)C1=CC=CC=C1NC1=CC(NC2=CC=C(N3CCN(CCOCCOCC(=O)N[C@H](C(=O)N4C[C@H](O)C[C@H]4C(=O)N[C@@H](C)C4=CC=C(C5=C(C)N=CS5)C=C4)C(C)(C)C)CC3)C=C2OC)=NC=C1C(F)(F)F,158.5 ,,Degradation of FAK in A549 cells after 24 h treatment,,,1073.253,1072.48161476,7.11,76,7,15,6,21,211.85,CCN(CC)c1ccc(Nc2cc(Nc3ccccc3C(=O)NC)c(C(F)(F)F)cn2)c(OC)c1,CC(=O)N[C@H](C(=O)N1C[C@H](O)C[C@H]1C(=O)N[C@@H](C)C1=CC=C(C2=C(C)N=CS2)C=C1)C(C)(C)C,NCCOCCO,False,,,P40337
2834,Q06187,BTK,CRBN,,O=C(CNC1=NC=NC2=C1C(C(=O)C1=CC=C(OC3=CC=CC=C3)C=C1Cl)=C[NH]2)NCCOCCOCCOCCOCCNC1=CC=CC2=C1C(=O)N(C1CCC(=O)NC1=O)C2=O,9.4,66.5,Degradation of BTK in JeKo-1 cells after 24 h treatment,,,897.342,896.28963194,3.67,64,7,15,5,24,241.5,Nc1ncnc2[nH]cc(C(=O)c3ccc(Oc4ccccc4)cc3Cl)c12,O=C1CCC(N2C(=O)C3=CC=CC=C3C2=O)C(=O)N1,CC(=O)NCCOCCOCCOCCOCCN,False,,,Q96SW2
2341,O60885,BRD4,VHL,,CC1=C(C2=CC=C([C@H](C)NC(=O)[C@@H]3C[C@@H](O)CN3C(=O)[C@@H](NC(=O)COCCCOCCOC(=O)C[C@@H]3N=C(C4=CC=C(Cl)C=C4)C4=C(SC(C)=C4C)N4C(C)=NN=C34)C(C)(C)C)C=C2)SC=N1,6.31 ,,Degradation of BRD4 long in HEK293 cells after 4 h treatment,,,987.646,986.358580528,6.45,68,7,15,3,18,199.46,COC(=O)C[C@@H]1N=C(c2ccc(Cl)cc2)c2c(sc(C)c2C)-n2c(C)nnc21,CC(=O)N[C@H](C(=O)N1C[C@H](O)C[C@H]1C(=O)N[C@@H](C)C1=CC=C(C2=C(C)N=CS2)C=C1)C(C)(C)C,COCCCO,True,,,P40337
1653,O60885,BRD4,VHL,,CC(=O)N1C2=CC=C(C3=CC=C(C(=O)NCCOCCOCCOCCOCC(=O)N[C@H](C(=O)N4C[C@H](O)C[C@H]4C(=O)NCC4=CC=C(C5=C(C)N=CS5)C=C4)C(C)(C)C)C=C3)C=C2[C@H](NC2=CC=C(Cl)C=C2)C[C@@H]1C,8/32,95/93,Degradation of BRD4 short/long in HeLa cells after 24 h treatment,,,1080.746,1079.45934012,6.41,76,7,13,5,24,209.99,ccc(cc)-c1ccc2c(c1)[C@H](Nc1ccc(Cl)cc1)C[C@H](C)N2C(C)=O,CC(=O)N[C@H](C(=O)N1C[C@H](O)C[C@H]1C(=O)NCC1=CC=C(C2=C(C)N=CS2)C=C1)C(C)(C)C,CC(=O)NCCOCCOCCOCCO,True,,,P40337
427,Q02750,MEK1,VHL,,CC1=C(C2=CC=C([C@H](C)NC(=O)[C@@H]3C[C@@H](O)CN3C(=O)[C@@H](NC(=O)COCCOCCOCCNC(=O)CCC3=CC=C(S(=O)(=O)NC4=C(NC5=CC=C(I)C=C5F)N(C)C(=O)C(C)=C4)C=C3)C(C)(C)C)C=C2)SC=N1,,,,90/94,% MEK1 degradation in A375 cells after 16 h treatment at 1000/10000 nM,1201.192,1200.33212315,5.09,76,6,15,6,25,248.62,CC1=CC(NS(=O)(=O)C2=CC=CC=C2)=C(NC2=CC=C(I)C=C2F)N(C)C1=O,CC(=O)N[C@H](C(=O)N1C[C@H](O)C[C@H]1C(=O)N[C@@H](C)C1=CC=C(C2=C(C)N=CS2)C=C1)C(C)(C)C,CCC(=O)NCCOCCOCCO,False,"[90.0, 94.0]","[1000.0, 10000.0]",P40337
429,Q02750,MEK1,VHL,,CC1=C(C2=CC=C([C@H](C)NC(=O)[C@@H]3C[C@@H](O)CN3C(=O)[C@@H](NC(=O)COCCOCCOCCNC(=O)COC3=CC=C(S(=O)(=O)NC4=C(NC5=CC=C(I)C=C5F)N(C)C(=O)C(C)=C4)C=C3)C(C)(C)C)C=C2)SC=N1,,,,72/95,% MEK1 degradation in A375 cells after 16 h treatment at 1000/10000 nM,1203.164,1202.31138771,4.9,76,6,16,6,25,257.85,CC1=CC(NS(=O)(=O)C2=CC=CC=C2)=C(NC2=CC=C(I)C=C2F)N(C)C1=O,CC(=O)N[C@H](C(=O)N1C[C@H](O)C[C@H]1C(=O)N[C@@H](C)C1=CC=C(C2=C(C)N=CS2)C=C1)C(C)(C)C,O=C(CO)NCCOCCOCCO,False,"[72.0, 95.0]","[1000.0, 10000.0]",P40337
796,P51531,SMARCA2,VHL,6HAY,CC1=C(C2=CC=C(CNC(=O)[C@@H]3C[C@@H](O)CN3C(=O)[C@@H](NC(=O)C3(F)CC3)C(C)(C)C)C(OCCOCCOCCN3CCN(C4=CC(C5=CC=CC=C5O)=NN=C4N)CC3)=C2)SC=N1,300,65,Degradation of SMARCA2 in MV-4-11 cells after 18 h treatment,,,918.106,917.4269591,3.22,65,7,15,5,19,217.83,NC1=NN=C(C2=CC=CC=C2O)C=C1N1CCNCC1,CC1=C(C2=CC=C(CNC(=O)[C@@H]3C[C@@H](O)CN3C(=O)[C@@H](NC(=O)C3(F)CC3)C(C)(C)C)C=C2)SC=N1,CCOCCOCCO,False,,,P40337
751,Q06187,BTK,VHL,,CC1=C(C2=CC=C(CNC(=O)[C@@H]3C[C@@H](O)CN3C(=O)[C@H](C(C)C)N3CC4=CC=CC=C4C3=O)C(OCCCCOCCCCN3CCC(N4N=C(C5=CC=C(OC6=CC=CC=C6)C=C5)C5=C(N)N=CN=C54)CC3)=C2)SC=N1,162,50,Degradation of BTK in NAMALWA cells after 24 h treatment,,,1061.323,1060.49931552,7.88,77,10,15,3,22,203.39,NC1=NC=NC2=C1C(C1=CC=C(OC3=CC=CC=C3)C=C1)=NN2C1CCNCC1,CC1=C(C2=CC=C(CNC(=O)[C@@H]3C[C@@H](O)CN3C(=O)[C@H](C(C)C)N3CC4=CC=CC=C4C3=O)C=C2)SC=N1,CCCCOCCCCO,False,,,P40337
2101,P09874,PARP1,CRBN,,O=C1CCC(N2CC3=C(NC(=O)CCCCCCCCCCCNC(=O)C4=CC(CC5=N[NH]C(=O)C6=CC=CC=C56)=CC=C4F)C=CC=C3C2=O)C(=O)N1,6200,,Degradation of PARP1 in SW620 cells after 24 h treatment,,,736.845,736.33846138,5.38,54,6,7,4,17,170.43,O=Cc1cc(Cc2n[nH]c(=O)c3ccccc23)ccc1F,NC1=CC=CC2=C1CN(C1CCC(=O)NC1=O)C2=O,NCCCCCCCCCCCC=O,False,,,Q96SW2
1236,P36888,FLT3,CRBN,,CC(C)(C)C1=CC(NC(=O)NC2=CC=C(C3=CN4C(=N3)SC3=CC(OCCN5CCN(CC(=O)NCCCCNC(=O)COC6=CC=CC7=C6C(=O)N(C6CCC(=O)NC6=O)C7=O)CC5)=CC=C34)C=C2)=NO1,,N.D.,,,,1002.124,1001.38540796,5.1,72,9,16,5,18,251.15,CC(C)(C)c1cc(NC(=O)Nc2ccc(-c3cn4c(n3)sc3cc(OCCN5CCNCC5)ccc34)cc2)no1,O=C1CCC(N2C(=O)C3=CC=CC=C3C2=O)C(=O)N1,CC(=O)NCCCCNC(=O)CO,False,,,Q96SW2
1157,Q9UBN7,HDAC6,CRBN,,CCCCN(CC1=CC=C(C(=O)NO)C=C1)C(=O)NC1=CC=C(OCCCCCN2C=C(CNC3=CC=CC4=C3C(=O)N(C3CCC(=O)NC3=O)C4=O)N=N2)C=C1,1.64,86.26,Degradation of HDAC6 in MM1S cells after 6 h treatment,74.9/82.7,% HDAC6 degradation in MM1S cells after 6 h treatment at 10/100 nM,779.855,779.3391094,3.35,57,6,12,5,18,217.19,O=CNO,O=C1CCC(N2C(=O)C3=CC=CC=C3C2=O)C(=O)N1,CCCCN(Cc1ccccc1)C(=O)Nc1ccc(OCCCCCn2cc(CN)nn2)cc1,True,"[74.9, 82.7]","[10.0, 100.0]",Q96SW2
1787,O60885,BRD4,VHL,,CC1=C(C2=CC=C(CNC(=O)[C@@H]3C[C@@H](O)CN3C(=O)[C@@H](NC(=O)COCCC3=CC(N)=CC(OCCNC(=O)C4=CC5=C(C=C4CS(C)(=O)=O)C4=CN(C)C(=O)C6=C4C(=C[NH]6)CN5C4=NC=C(F)C=C4F)=C3)C(C)(C)C)C=C2)SC=N1,2.1,98,Degradation of BRD4 in EOL-1 cells 4 h treatment,,,1149.313,1148.40598662,4.2,81,9,16,6,19,273.27,CNC(=O)C1=CC2=C(C=C1CS(C)(=O)=O)C1=CN(C)C(=O)C3=C1C(=C[NH]3)CN2C1=NC=C(F)C=C1F,CC(=O)N[C@H](C(=O)N1C[C@H](O)C[C@H]1C(=O)NCC1=CC=C(C2=C(C)N=CS2)C=C1)C(C)(C)C,COc1cc(N)cc(CCO)c1,True,,,P40337
3088,Q06187,BTK,CRBN,,NC(=O)C1=C2NCC[C@@H](C3CCN(C(=O)CCC4=CC=C(N5CCN(C6=CC=C7C(=O)N(C8CCC(=O)NC8=O)C(=O)C7=C6)CC5)C=C4)CC3)N2N=C1C1=CC=C(OC2=CC=CC=C2)C=C1,74,,Degradation of BTK in Ramos cells after 16 h treatment by ELISA assay,,,890.014,889.391144972,4.77,66,10,12,3,11,192.51,NC(=O)c1c(-c2ccc(Oc3ccccc3)cc2)nn2c1NCC[C@H]2C1CCN(C=O)CC1,O=C1CCC(N2C(=O)C3=CC=CC=C3C2=O)C(=O)N1,CCC1=CC=C(N2CCNCC2)C=C1,True,,,Q96SW2
1304,P09874,PARP1,CRBN,,C[C@]1(C2=NC3=C(C(N)=O)C=CC=C3[NH]2)CCCN1CCOCCOCCOCCOCCNC1=CC=CC2=C1C(=O)N(C1CCC(=O)NC1=O)C2=O,,N.D.,,,,719.796,719.32787602,0.79,52,6,12,4,19,207.51,C[C@]1(C2=NC3=C(C(N)=O)C=CC=C3[NH]2)CCCN1,O=C1CCC(N2C(=O)C3=CC=CC=C3C2=O)C(=O)N1,CCOCCOCCOCCOCCN,False,,,Q96SW2
1011,Q96SW2,CRBN,VHL,,CC1=C(C2=CC=C(CNC(=O)[C@@H]3C[C@@H](O)CN3C(=O)[C@@H](NC(=O)CCCCCCCCNC3=CC=CC4=C3C(=O)N(C3CCC(=O)NC3=O)C4=O)C(C)(C)C)C=C2)SC=N1,44.5,97.1,Degradation of CRBN in HEK293T cells after 24h treatment,,,842.032,841.38328272,5.37,60,6,11,5,17,207.21,CC(=O)N[C@H](C(=O)N1C[C@H](O)C[C@H]1C(=O)NCC1=CC=C(C2=C(C)N=CS2)C=C1)C(C)(C)C,O=C1CCC(N2C(=O)C3=CC=CC=C3C2=O)C(=O)N1,CCCCCCCN,True,,,P40337
2060,P15056,BRAF V600E,CRBN,,CCCS(=O)(=O)NC1=CC=C(F)C(N2C=C(C3=CN=CN=C3)C3=NC(N(C)C4CCN(CC5CN(C(=O)CCOCCOCCOCCNC6=CC=CC7=C6C(=O)N(C6CCC(=O)NC6=O)C7=O)C5)CC4)=CC=C32)=C1F,,N.D.,,,,1070.19,1069.42916459,3.15,76,9,17,3,24,239.83,CCCS(=O)(=O)NC1=CC=C(F)C(N2C=C(C3=CN=CN=C3)C3=NC(N(C)C4CCN(CC)CC4)=CC=C32)=C1F,O=C1CCC(N2C(=O)C3=CC=CC=C3C2=O)C(=O)N1,CN(C)C(=O)CCOCCOCCOCCN,False,,,Q96SW2
1505,Q06124,SHP2,VHL,,CC1=C(C2=CC=C([C@H](C)NC(=O)[C@@H]3C[C@@H](O)CN3C(=O)[C@@H](NC(=O)CCCCCCCCN3CCN(C(=O)CCC(=O)NC4=CC=CC(SC5=NC=C(N6CCC(C)(N)CC6)N=C5N)=C4Cl)CC3)C(C)(C)C)C=C2)SC=N1,6/2.6,,Degradation of SHP2 in KYSE520/MV4;11 cells after 12 h treatment,>95/>95,% SHP2 degradation in KYSE520 cells after 6 h treatment at 100/1000 nM,1115.913,1114.53754793,6.19,77,7,15,6,22,245.34,CC1(N)CCN(C2=CN=C(SC3=CC=CC(N)=C3Cl)C(N)=N2)CC1,CC(=O)N[C@H](C(=O)N1C[C@H](O)C[C@H]1C(=O)N[C@@H](C)C1=CC=C(C2=C(C)N=CS2)C=C1)C(C)(C)C,CCCCCCCN1CCN(C(=O)CCC=O)CC1,True,"[95.0, 95.0]","[100.0, 1000.0]",P40337
741,P11802,CDK4,VHL,,CC(=O)C1=C(C)C2=CN=C(NC3=CC=C(N4CCN(CCOCCOCCOCC(=O)N[C@H](C(=O)N5C[C@H](O)C[C@H]5C(=O)N[C@@H](C)C5=CC=C(C6=C(C)N=CS6)C=C5)C(C)(C)C)CC4)C=N3)N=C2N(C2CCCC2)C1=O,32,,Degradation of CDK4 in MM.1S cells after 16 h treatment,,,1064.324,1063.53134392,4.35,76,8,18,4,22,235.57,CC(=O)C1=C(C)C2=CN=C(NC3=CC=C(N4CCNCC4)C=N3)N=C2N(C2CCCC2)C1=O,CC(=O)N[C@H](C(=O)N1C[C@H](O)C[C@H]1C(=O)N[C@@H](C)C1=CC=C(C2=C(C)N=CS2)C=C1)C(C)(C)C,CCOCCOCCO,True,,,P40337
22,Q9NPI1,BRD7,VHL,,COC1=CC(C2=CN(C)C(=O)C3=CN=CC=C23)=CC(OC)=C1CN1CCN(CCCCCOC2=CC(C3=C(C)N=CS3)=CC=C2CNC(=O)[C@@H]2C[C@@H](O)CN2C(=O)[C@@H](NC(=O)C2(F)CC2)C(C)(C)C)CC1,34.5,,Degradation of HiBiT-BRD7 in HEK293 cells after 24 h treatment using CRISPR/Cas9,,,995.232,994.478660324,5.06,71,8,14,3,19,180.69,COC1=CC(C2=CN(C)C(=O)C3=CN=CC=C23)=CC(OC)=C1CN(C)C,CC1=C(C2=CC=C(CNC(=O)[C@@H]3C[C@@H](O)CN3C(=O)[C@@H](NC(=O)C3(F)CC3)C(C)(C)C)C=C2)SC=N1,CN(C)CCCCCO,True,,,P40337
606,P50750,CDK9,CRBN,,O=C(COC1=CC=CC2=C1C(=O)N(C1CCC(=O)NC1=O)C2=O)NCCOCCOCC(=O)N1CCC(NC(=O)C2=C(NC(=O)C3=C(Cl)C=CC=C3Cl)C=N[NH]2)CC1,,N.D.,,,,841.662,840.203709396,1.47,58,6,12,5,16,247.53,O=C(NC1CCNCC1)C1=C(NC(=O)C2=C(Cl)C=CC=C2Cl)C=N[NH]1,O=C1CCC(N2C(=O)C3=CC=CC=C3C2=O)C(=O)N1,O=CCOCCOCCNC(=O)CO,False,,,Q96SW2
1231,P36888,FLT3,CRBN,,CC(C)(C)C1=CC(NC(=O)NC2=CC=C(C3=CN4C(=N3)SC3=CC(OCCOCCOCCNC(=O)CNC5=CC=CC6=C5C(=O)N(C5CCC(=O)NC5=O)C6=O)=CC=C34)C=C2)=NO1,,N.D.,,,,891.964,891.30100964,5.46,64,8,15,5,17,236.83,ccc1c(c)sc2nc(-c3ccc(NC(=O)Nc4cc(C(C)(C)C)on4)cc3)cn21,NC1=CC=CC2=C1C(=O)N(C1CCC(=O)NC1=O)C2=O,COCCOCCOCCNC(C)=O,False,,,Q96SW2
2639,Q07889,SOS1,VHL,,CC1=CC(CN2C(N3CC4(CNC4)C3)=NC3=C(N4CCN(CCCCC(=O)NCCCC(=O)N[C@H](C(=O)N5C[C@H](O)C[C@H]5C(=O)N[C@@H](C)C5=CC=C(C6=C(C)N=CS6)C=C5)C(C)(C)C)CC4)C=C(Cl)C=C32)=CC(C)=C1F,,,,3.2/0,% SOS1 degradation in NCI-H358 cells after 24 h treatment at 100/1000 nM,1080.817,1079.5345914,6.85,76,9,13,5,19,180.3,CC1=CC(CN2C(N3CC4(CNC4)C3)=NC3=C(N4CCN(C)CC4)C=C(Cl)C=C32)=CC(C)=C1F,CC(=O)N[C@H](C(=O)N1C[C@H](O)C[C@H]1C(=O)N[C@@H](C)C1=CC=C(C2=C(C)N=CS2)C=C1)C(C)(C)C,CCCC(=O)NCC,False,"[3.2, 0.0]","[100.0, 1000.0]",P40337
2662,P06730,eIF4E,CRBN,,C/C(=N\NC1=NC(C2=CC=C(C3=CC=CC=C3)C=C2)=CS1)C(=O)NCCCNC1=CC=CC2=C1C(=O)N(C1CCC(=O)NC1=O)C2=O,,N.D.,,,,649.733,649.210738092,5.57,47,6,10,4,11,161.96,NNc1nc(-c2ccc(-c3ccccc3)cc2)cs1,NC1=CC=CC2=C1C(=O)N(C1CCC(=O)NC1=O)C2=O,CCCNC(=O)CC,False,,,Q96SW2
1012,Q96SW2,CRBN,VHL,,CC1=C(C2=CC=C(CNC(=O)[C@@H]3C[C@@H](O)CN3C(=O)[C@@H](NC(=O)CCCCCCCCCCNC3=CC=CC4=C3C(=O)N(C3CCC(=O)NC3=O)C4=O)C(C)(C)C)C=C2)SC=N1,20.4,99.6,Degradation of CRBN in HEK293T cells after 24h treatment,,,870.086,869.414582848,6.46,62,6,11,5,19,207.21,CC(=O)N[C@H](C(=O)N1C[C@H](O)C[C@H]1C(=O)NCC1=CC=C(C2=C(C)N=CS2)C=C1)C(C)(C)C,O=C1CCC(N2C(=O)C3=CC=CC=C3C2=O)C(=O)N1,CCCCCCCCCN,True,,,P40337
418,P11802,CDK4,VHL,,CC(=O)C1=C(C)C2=CN=C(NC3=CC=C(N4CCN(CC5=CN(CCOCCOCCOCCNC(=O)CCC(=O)N[C@H](C(=O)N6C[C@H](O)C[C@H]6C(=O)NCC6=CC=C(C7=C(C)N=CS7)C=C6)C(C)(C)C)N=N5)CC4)C=N3)N=C2N(C2CCCC2)C1=O,,N.D.,,,,1216.481,1215.60115479,2.34,87,9,22,5,28,295.38,CC(=O)C1=C(C)C2=CN=C(NC3=CC=C(N4CCNCC4)C=N3)N=C2N(C2CCCC2)C1=O,CC(=O)N[C@H](C(=O)N1C[C@H](O)C[C@H]1C(=O)NCC1=CC=C(C2=C(C)N=CS2)C=C1)C(C)(C)C,CC(=O)NCCOCCOCCOCCn1cc(C)nn1,False,,,P40337
582,P00533,EGFR,VHL,,C=CC(=O)NC1=CC=CC(N2C(=O)C=C(C)C3=CN=C(NC4=CC=C(N5CCN(C(=O)CCCCCCC(=O)N[C@H](C(=O)N6C[C@H](O)C[C@H]6C(=O)NCC6=CC=C(C7=C(C)N=CS7)C=C6)C(C)(C)C)CC5)C=C4OC)N=C32)=C1,>2000,,Degradation of EGFR in A431 cells after 16 h treatment,,,1080.326,1079.50512917,6.36,78,8,15,5,20,233.32,,,,False,,,P40337
585,P00533,EGFR L858R/T790M,VHL,,C=CC(=O)NC1=CC=CC(N2C(=O)C=C(C)C3=CN=C(NC4=CC=C(N5CCN(CCCCCCCC(=O)N[C@H](C(=O)N6C[C@H](O)C[C@H]6C(=O)NCC6=CC=C(C7=C(C)N=CS7)C=C6)C(C)(C)C)CC5)C=C4OC)N=C32)=C1,466,,Degradation of EGFR L858R/T790M in H1975 cells after 16h treatment,,,1066.343,1065.52586461,7.32,77,8,15,5,21,216.25,C=CC(=O)NC1=CC=CC(N2C(=O)C=C(C)C3=CN=C(NC4=CC=C(N5CCN(C)CC5)C=C4OC)N=C32)=C1,CC(=O)N[C@H](C(=O)N1C[C@H](O)C[C@H]1C(=O)NCC1=CC=C(C2=C(C)N=CS2)C=C1)C(C)(C)C,CCCCC,False,,,P40337
2136,P49841,GSK-3beta,CRBN,,CCC1=C[NH]N=C1NC1=CC(NCCCNC(=O)CCCCCCNC(=O)COC2=CC=CC3=C2C(=O)N(C2CCC(=O)NC2=O)C3=O)=NC(NC2=CC=C(CC#N)C=C2)=N1,,N.D.,,,,832.923,832.376891876,4.34,61,6,14,7,22,265.32,CCC1=C[NH]N=C1NC1=CC=NC(NC2=CC=C(CC#N)C=C2)=N1,O=C1CCC(N2C(=O)C3=CC=CC=C3C2=O)C(=O)N1,NCCCNC(=O)CCCCCCNC(=O)CO,False,,,Q96SW2
2434,O15379,HDAC3,VHL,,CC1=C(C2=CC=C(CNC(=O)[C@@H]3C[C@@H](O)CN3C(=O)[C@@H](NC(=O)COCCCCCCCCCOCC(=O)NC3=CC=C(C(=O)NC4=CC=C(F)C=C4N)C=C3)C(C)(C)C)C=C2)SC=N1,,63,Degradation of HDAC3 in HCT116 cells after 24 h treatment,,,916.13,915.436461164,6.26,65,5,11,6,23,214.31,,,,False,,,P40337
3096,Q9H8M2,BRD9,CRBN,,COC1=CC(C2=CN(C)C(=O)C3=CN=CC=C23)=CC(OC)=C1CCN1CCC(OC2CCN(C(=O)C3=CC=C(Cl)C(N4CCC(=O)NC4=O)=C3)CC2)CC1,1,,Degradation of BRD9 in HEK293A cells after 24 h treatment,,,757.288,756.30382546,3.29,54,7,10,1,10,135.54,COc1cc(OC)cc(-c2cn(C)c(=O)c3cnccc23)c1,O=C1CCN(C2=CC=CC=C2Cl)C(=O)N1,CCN1CCC(OC2CCN(C=O)CC2)CC1,True,,,Q96SW2
397,Q00534,CDK6,CRBN,,CC1=NC2=C(F)C=C(C3=NC(NC4=CC=C(CN5CCN(CC6=CN(CCOCCOCCOCCOCCNC7=CC=CC8=C7C(=O)N(C7CCC(=O)NC7=O)C8=O)N=N6)CC5)C=N4)=NC=C3F)C=C2N1C(C)C,145.5,,Degradation of CDK6 in U251 cells after 24 h treatment,,,1035.127,1034.46866132,2.55,75,9,20,3,25,238.21,CCN1CCN(CC2=CC=C(NC3=NC=C(F)C(C4=CC(F)=C5N=C(C)N(C(C)C)C5=C4)=N3)N=C2)CC1,NC1=CC=CC2=C1C(=O)N(C1CCC(=O)NC1=O)C2=O,cn(CCOCCOCCOCCOCC)nn,False,,,Q96SW2
1067,P10275,AR,cIAP1,,CC1=NN(C2=CC=C(C#N)C=C2Cl)C(C)=C1CC1=CC=C(C(=O)NCCOCCOCCOCCNC(=O)[C@H](CC(C)C)NC(=O)[C@@H](O)[C@H](N)CC2=CC=CC=C2)C=C1,>30000,,Degradation of AR in 22Rv1 cells after 6 h treatment,,,830.427,829.392974812,4.64,59,4,11,5,24,202.85,,,,False,,,Q13490
330,O60885,BRD4,CRBN,,CC1=C(C)C2=C(S1)N1C(C)=NN=C1[C@H](CC(=O)NCCCCNC(=O)COC1=CC=CC3=C1C(=O)N(C1CCC(=O)NC1=O)C3=O)N=C2C1=CC=C(Cl)C=C1,5.27/2.9,,Degradation of BRD4 in MV4-11 cells after 12/24 h treatment,,,785.283,784.219444204,3.22,55,7,12,3,12,194.05,Cc1sc(-n2cnnc2C)c(C(=N)c2ccc(Cl)cc2)c1C,O=C1CCC(N2C(=O)C3=CC=CC=C3C2=O)C(=O)N1,CCC(=O)NCCCCNC(=O)CO,True,,,Q96SW2
2419,Q13547,HDAC1,VHL,,CC1=C(C2=CC=C(CNC(=O)[C@@H]3C[C@@H](O)CN3C(=O)[C@@H](NC(=O)CCCCCCCC(=O)NC3=CC=C(C(=O)NC4=CC=CC=C4N)C=C3)C(C)(C)C)C=C2)SC=N1,,41,Degradation of HDAC1 in HCT116 cells after 24 h treatment,,,810.034,809.39345348,5.54,58,5,9,6,17,195.85,NC1=CC=CC=C1NC=O,CC(=O)N[C@H](C(=O)N1C[C@H](O)C[C@H]1C(=O)NCC1=CC=C(C2=C(C)N=CS2)C=C1)C(C)(C)C,CCCCCCC(=O)Nc1ccccc1,False,,,P40337
2613,P00533,EGFR e19d,VHL,,C=CC(=O)NC1=CC(NC2=NC=CC(C3=CN(C)C4=CC=CC=C34)=N2)=C(OC)C=C1N(C)CCN(C)CCCCCCCC(=O)N[C@H](C(=O)N1C[C@H](O)C[C@H]1C(=O)NCC1=CC=C(C2=C(C)N=CS2)C=C1)C(C)(C)C,,,,42/57,% EGFR del19 degradation in HCC827 cells after 24 h treatment at 100/1000 nM,1040.349,1039.54660006,7.89,75,7,14,5,24,199.18,C=CC(=O)NC1=CC(NC2=NC=CC(C3=CN(C)C4=CC=CC=C34)=N2)=C(OC)C=C1N(C)CCN(C)C,CC(=O)N[C@H](C(=O)N1C[C@H](O)C[C@H]1C(=O)NCC1=CC=C(C2=C(C)N=CS2)C=C1)C(C)(C)C,CCCCC,False,"[42.0, 57.0]","[100.0, 1000.0]",P40337
948,P01116,KRAS G12C,CRBN,,C=CC(=O)N1CCN(C2=NC(NCCOCCOCCOCCOCCOC3=CC=CC4=C3C(=O)N(C3CCC(=O)NC3=O)C4=O)=NC3=C(F)C(C4=CC(O)=CC5=CC=CC=C45)=C(Cl)C=C23)CC1,,N.D.,,,,954.409,953.316261288,4.7,68,8,15,3,21,211.29,C=CC(=O)N1CCN(C2=NC=NC3=C(F)C(C4=CC(O)=CC5=CC=CC=C45)=C(Cl)C=C23)CC1,O=C1CCC(N2C(=O)C3=CC=CC=C3C2=O)C(=O)N1,NCCOCCOCCOCCOCCO,False,,,Q96SW2
186,Q16539,p38alpha,VHL,,COC1=CC2=C(OC3=CC=C(NC(=O)C4(C(=O)NC5=CC=C(F)C=C5)CC4)C=C3F)C=CN=C2C=C1OCCCCOCCCCOC1=CC(C2=C(C)N=CS2)=CC=C1CNC(=O)[C@@H]1C[C@@H](O)CN1C(=O)[C@H](C(C)C)N1CC2=CC=CC=C2C1=O,127,25.3,Degradation of p38alpha in MDA-MB-231 cells,,,1180.341,1179.4587334,9.84,85,10,14,4,26,220.08,,,,False,,,P40337
2980,P01116,KRAS G12C,CRBN,,COC1=CC(Cl)=C(C2=CC(Cl)=CC=C2Cl)C=C1C(=O)N1CCN(C(=O)CCC(=O)N2CCN(CC(=O)NCCCCCNC3=CC=CC4=C3C(=O)N(C3CCC(=O)NC3=O)C4=O)CC2)CC1,,N.D.,,,,966.32,964.284458252,4.16,66,7,11,3,16,198.08,COc1cc(Cl)c(-c2cc(Cl)ccc2Cl)cc1C(=O)N1CCN(C=O)CC1,NC1=CC=CC2=C1C(=O)N(C1CCC(=O)NC1=O)C2=O,CCCCCNC(=O)CN1CCN(C(=O)CC)CC1,False,,,Q96SW2
3221,Q07817,BCL-xL,VHL,,CC1=C(C2=CC=C([C@H](C)NC(=O)[C@@H]3C[C@@H](O)CN3C(=O)[C@@H](NC(=O)CCCCCCC(=O)N3CCN(C[C@]4(C)CCC(C5=CC=C(Cl)C=C5)=C(CN5CCN(C6=CC=C(C(=O)NS(=O)(=O)C7=CC=C(N[C@H](CCN8CCOCC8)CSC8=CC=CC=C8)C(S(=O)(=O)C(F)(F)F)=C7)C=C6)CC5)C4)CC3)C(C)(C)C)C=C2)SC=N1,6,,Degradation of BCL-xL in 293T cells after 16 h treatment,,,1641.523,1639.65184952,12.31,112,11,19,5,31,263.54,CC1(C)CCC(C2=CC=C(Cl)C=C2)=C(CN2CCN(C3=CC=C(C(=O)NS(=O)(=O)C4=CC=C(N[C@H](CCN5CCOCC5)CSC5=CC=CC=C5)C(S(=O)(=O)C(F)(F)F)=C4)C=C3)CC2)C1,CC(=O)N[C@H](C(=O)N1C[C@H](O)C[C@H]1C(=O)N[C@@H](C)C1=CC=C(C2=C(C)N=CS2)C=C1)C(C)(C)C,CCCCCC(=O)N1CCNCC1,True,,,P40337
2363,P33981,TTK,CRBN,,CCC(=O)N[C@H]1CC[C@@H](N2C(=O)C=C(C)C3=CN=C(NC4=CC=C(N5CCN(C(=O)CCCCCCCCCC#CC6=CC=CC7=C6C(=O)N(C6CCC(=O)NC6=O)C7)CC5)C=C4OC)N=C32)CC1,21.71/>1000,88/13,Degradation of TTK in COLO-205/HCT-116 cells after 6 h treatment,,,940.159,939.50069542,6.56,69,8,12,3,17,188.17,,,,True,,,Q96SW2
2761,P49841,GSK-3beta,CRBN,,NC1=NC=C(C2=CC=C(S(=O)(=O)N3CCN(CCCCC4=CN(CCOCCOCCOCCOCCOCCNC5=CC=CC6=C5C(=O)N(C5CCC(=O)NC5=O)C6=O)N=N4)CC3)C=C2)N=C1C(=O)NC1=CC=CN=C1,34.2,,Degradation of GSK3B in SH-SY5Y cells after 24 h treatment,,,1082.211,1081.44398546,0.81,77,8,21,4,30,306.85,CN1CCN(S(=O)(=O)C2=CC=C(C3=CN=C(N)C(C(=O)NC4=CC=CN=C4)=N3)C=C2)CC1,O=C1CCC(N2C(=O)C3=CC=CC=C3C2=O)C(=O)N1,CCCc1cn(CCOCCOCCOCCOCCOCCN)nn1,True,,,Q96SW2
3024,P10275,AR-V7,VHL,,CC1=C(C2=CC=C([C@H](C)NC(=O)[C@@H]3C[C@@H](O)CN3C(=O)[C@@H](NC(=O)CCCCOC3=CC=C(C4=CSC(N5CCOCC5C)=N4)C=C3)C(C)(C)C)C=C2)SC=N1,>10000,,Degradation of AR-V7 in 22RV1 cells after 24 h treatment,,,803.064,802.354625448,6.23,56,6,11,3,14,146.22,,,,False,,,P40337
283,Q06187,BTK C481S,CRBN,,NC1=NC=NC2=C1C(C1=CC=C(OC3=CC=CC=C3)C=C1)=NN2C1CCN(CCOCCOCC(=O)NC2=CC=C3C(=O)N(C4CCC(=O)NC4=O)C(=O)C3=C2)CC1,14.9,>99,Degradation of C481S BTK in XLA cells after 24 h treatment,,,787.834,787.307809272,2.33,58,8,14,3,14,213.2,NC1=NC=NC2=C1C(C1=CC=C(OC3=CC=CC=C3)C=C1)=NN2C1CCNCC1,O=C1CCC(N2C(=O)C3=CC=CC=C3C2=O)C(=O)N1,CCOCCOCC(N)=O,True,,,Q96SW2
3067,P51617,IRAK1,VHL,,COC1=CC(N2CCN(C(=O)OCC(=O)N[C@H](C(=O)N3C[C@H](O)C[C@H]3C(=O)NCC3=CC=C(C4=C(C)N=CS4)C=C3)C(C)(C)C)CC2)=CC=C1NC(=O)C1=CC=CC(C2=CC=N[NH]2)=N1,16,97,Degradation of IRAK1 in HEK293T cells after 24 h treatment,,,893.04,892.369029624,3.9,64,7,13,5,13,224.31,,,,True,,,P40337
2107,Q5S007,LRRK2,CRBN,,CCNC1=NC(NC2=CC(F)=C(C(=O)N3CCOC(CNC(=O)CCCC(=O)NC4=CC=CC5=C4C(=O)N(C4CCC(=O)NC4=O)C5=O)C3)C=C2OC)=NC=C1C(F)(F)F,,N.D.,,,,841.776,841.280686708,2.04,60,6,13,5,14,230.36,CCNC1=NC(NC2=CC(F)=C(C(=O)N3CCOCC3)C=C2OC)=NC=C1C(F)(F)F,O=C1CCC(N2C(=O)C3=CC=CC=C3C2=O)C(=O)N1,CNC(=O)CCCC(N)=O,False,,,Q96SW2
3264,O60885,BRD4,FEM1B,,CC1=C(C)C2=C(S1)N1C(C)=NN=C1[C@H](CC(=O)NCCOCCOCCNC(=O)CN1CCOC3=CC(N(CCC#N)C(=O)CCl)=CC=C31)N=C2C1=CC=C(Cl)C=C1,1100,85,Degradation of BRD4 in HEK293T cells after 8 h treatment,,,850.83,849.25905652,3.58,58,6,13,2,18,176.3,,,,False,,,Q9UK73
520,Q9UM73,ALK,VHL,,COC1=CC(N2CCC(NC(=O)CCCCCCC(=O)N[C@H](C(=O)N3C[C@H](O)C[C@H]3C(=O)NCC3=CC=C(C4=C(C)N=CS4)C=C3)C(C)(C)C)CC2)=CC=C1NC1=NC=C(Cl)C(NC2=CC=CC=C2P(C)(C)=O)=N1,9.1,,Degradation of ALK in SR cells after 16 h treatment,,,1069.711,1068.45757989,7.86,74,7,14,6,21,220.11,COC1=CC(N2CCC(N)CC2)=CC=C1NC1=NC=C(Cl)C(NC2=CC=CC=C2P(C)(C)=O)=N1,CC(=O)N[C@H](C(=O)N1C[C@H](O)C[C@H]1C(=O)NCC1=CC=C(C2=C(C)N=CS2)C=C1)C(C)(C)C,CCCCCC=O,True,,,P40337
2432,Q13547,HDAC1,VHL,,CC1=C(C2=CC=C(CNC(=O)[C@@H]3C[C@@H](O)CN3C(=O)[C@@H](NC(=O)CCCCCCCCCCC(=O)NC3=CC=C(C(=O)NC4=CC=C(F)C=C4N)C=C3)C(C)(C)C)C=C2)SC=N1,,61,Degradation of HDAC1 in HCT116 cells after 24 h treatment,,,870.105,869.43098186,7.27,62,5,9,6,20,195.85,,,,False,,,P40337
2344,P33981,TTK,VHL,,CCC(=O)N[C@H]1CC[C@@H](N2C(=O)C=C(C)C3=CN=C(NC4=CC=C(N5CCN(CCOCCC(=O)N[C@@H](C(=O)N6C[C@H](O)C[C@H]6C(=O)NCC6=CC=C(C7=C(C)N=CS7)C=C6)C(C)(C)C)CC5)C=C4OC)N=C32)CC1,>1000,,Degradation of TTK in HCT-116 cells after 6 h treatment,,,1048.325,1047.5364293,4.82,75,8,16,5,19,225.48,CCC(=O)N[C@H]1CC[C@@H](N2C(=O)C=C(C)C3=CN=C(NC4=CC=C(N5CCN(C)CC5)C=C4OC)N=C32)CC1,CC(=O)N[C@H](C(=O)N1C[C@H](O)C[C@H]1C(=O)NCC1=CC=C(C2=C(C)N=CS2)C=C1)C(C)(C)C,COC,False,,,P40337
174,Q96SW2,CRBN,VHL,,CC1=C(C2=CC=C(CNC(=O)[C@@H]3C[C@@H](O)CN3C(=O)[C@@H](NC(=O)COCCOCCOCCNC3=CC=CC4=C3C(=O)N(C3CCC(=O)NC3=O)C4=O)C(C)(C)C)C=C2)SC=N1,367.8,85.1,Degradation of CRBN in HEK293T cells after 24h treatment,,,876.002,875.352376516,2.33,62,6,14,5,19,234.9,CC(=O)N[C@H](C(=O)N1C[C@H](O)C[C@H]1C(=O)NCC1=CC=C(C2=C(C)N=CS2)C=C1)C(C)(C)C,O=C1CCC(N2C(=O)C3=CC=CC=C3C2=O)C(=O)N1,NCCOCCOCCO,False,,,P40337
2755,P49840,GSK3A,CRBN,,NC1=NC=C(C2=CC=C(S(=O)(=O)N3CCN(CCC4=CN(CCOCCOCCOCCOCCNC5=CC=CC6=C5C(=O)N(C5CCC(=O)NC5=O)C6=O)N=N4)CC3)C=C2)N=C1C(=O)NC1=CC=CN=C1,,,,63.8/91.8,% GSK3A degradation in SH-SY5Y cells after 24 h treatment at 1000/10000 nM,1010.104,1009.38647058,0.24,72,8,20,4,25,297.62,CN1CCN(S(=O)(=O)C2=CC=C(C3=CN=C(N)C(C(=O)NC4=CC=CN=C4)=N3)C=C2)CC1,O=C1CCC(N2C(=O)C3=CC=CC=C3C2=O)C(=O)N1,Cc1cn(CCOCCOCCOCCOCCN)nn1,False,"[63.8, 91.8]","[1000.0, 10000.0]",Q96SW2
2133,P51532,SMARCA4,VHL,,CC1=C(C2=CC=C(CNC(=O)[C@@H]3C[C@@H](O)CN3C(=O)[C@@H](NC(=O)C3(F)CC3)C(C)(C)C)C(OCCCC3=CC=C(CN4CCN(C5=CC(C6=CC=CC=C6O)=NN=C5N)CC4)C=C3)=C2)SC=N1,25,92,Degradation of SMARCA4 in A549 cells,,,934.152,933.43712986,5.63,67,8,13,5,16,199.37,NC1=NN=C(C2=CC=CC=C2O)C=C1N1CCNCC1,CC1=C(C2=CC=C(CNC(=O)[C@@H]3C[C@@H](O)CN3C(=O)[C@@H](NC(=O)C3(F)CC3)C(C)(C)C)C=C2)SC=N1,Cc1ccc(CCCO)cc1,True,,,P40337
2749,P49841,GSK-3beta,CRBN,,NC1=NC=C(C2=CC=C(S(=O)(=O)N3CCN(CC4=CN(CCOCCOCCOCCNC5=CC=CC6=C5C(=O)N(C5CCC(=O)NC5=O)C6=O)N=N4)CC3)C=C2)N=C1C(=O)NC1=CC=CN=C1,,,,29.9/46.6,% GSK3B degradation in SH-SY5Y cells after 24 h treatment at 1000/10000 nM,952.024,951.344605768,-0.07,68,8,19,4,21,288.39,CN1CCN(S(=O)(=O)C2=CC=C(C3=CN=C(N)C(C(=O)NC4=CC=CN=C4)=N3)C=C2)CC1,O=C1CCC(N2C(=O)C3=CC=CC=C3C2=O)C(=O)N1,NCCOCCOCCOCCn1ccnn1,False,"[29.9, 46.6]","[1000.0, 10000.0]",Q96SW2
2315,P10275,AR,CRBN,,CC1(C)[C@H](NC(=O)C2=CC=C(N3CCN(C4CN(C5=CC=C6C(=O)N(C7CCC(=O)NC7=O)C(=O)C6=C5)C4)CC3)C=C2)C(C)(C)[C@H]1OC1=CC=C(C#N)C(Cl)=C1,,,,54/77/91/73,% AR degradation in VCaP cells after 6 h treatment at 1/10/100/1000 nM,778.31,777.304159808,5.29,56,8,10,2,8,155.39,CC1(C)[C@H](NC(=O)c2ccccc2)C(C)(C)[C@H]1Oc1ccc(C#N)c(Cl)c1,O=C1CCC(N2C(=O)C3=CC=CC=C3C2=O)C(=O)N1,C1CN(C2CNC2)CCN1,True,"[54.0, 77.0, 91.0, 73.0]","[1.0, 10.0, 100.0, 1000.0]",Q96SW2
2612,P00533,EGFR L858R/T790M,VHL,,C=CC(=O)NC1=CC(NC2=NC=CC(C3=CN(C)C4=CC=CC=C34)=N2)=C(OC)C=C1N(CCCCCCC(=O)NCCCCCCC(=O)N[C@H](C(=O)N1C[C@H](O)C[C@H]1C(=O)NCC1=CC=C(C2=C(C)N=CS2)C=C1)C(C)(C)C)CCN(C)C,,,,<20/<20,% EGFR L858R/T790M degradation in H1975 cells after 24 h treatment at 100/1000 nM,1153.509,1152.63066403,8.21,83,7,15,6,30,228.28,C=CC(=O)NC1=CC(NC2=NC=CC(C3=CN(C)C4=CC=CC=C34)=N2)=C(OC)C=C1N(C)CCN(C)C,CC(=O)N[C@H](C(=O)N1C[C@H](O)C[C@H]1C(=O)NCC1=CC=C(C2=C(C)N=CS2)C=C1)C(C)(C)C,CCCCCNC(=O)CCCCC,False,"[20.0, 20.0]","[100.0, 1000.0]",P40337
1636,Q15759,p38beta,CRBN,,CC1=CC=C(C(=O)NCCCCC2=CN(CCCC(=O)NCCCCCCC3=CC=CC4=C3CN(C3CCC(=O)NC3=O)C4=O)N=N2)C=C1N1C(C)=CC(OCC2=CC=C(F)C=C2F)=C(Br)C1=O,35.19/19.1,,Degradation of p38beta in T47D/MB-MDA-231 cells after 24 h treatment,,,997.939,996.33451464,6.27,68,7,11,3,22,186.62,CNC(=O)C1=CC=C(C)C(N2C(C)=CC(OCC3=CC=C(F)C=C3F)=C(Br)C2=O)=C1,CCc1cccc2c1CN(C1CCC(=O)NC1=O)C2=O,CCCCNC(=O)CCCN1C=C(CCC)N=N1,True,,,Q96SW2
2749,P49840,GSK3A,CRBN,,NC1=NC=C(C2=CC=C(S(=O)(=O)N3CCN(CC4=CN(CCOCCOCCOCCNC5=CC=CC6=C5C(=O)N(C5CCC(=O)NC5=O)C6=O)N=N4)CC3)C=C2)N=C1C(=O)NC1=CC=CN=C1,,,,45.4/75.6,% GSK3A degradation in SH-SY5Y cells after 24 h treatment at 1000/10000 nM,952.024,951.344605768,-0.07,68,8,19,4,21,288.39,CN1CCN(S(=O)(=O)C2=CC=C(C3=CN=C(N)C(C(=O)NC4=CC=CN=C4)=N3)C=C2)CC1,O=C1CCC(N2C(=O)C3=CC=CC=C3C2=O)C(=O)N1,NCCOCCOCCOCCn1ccnn1,False,"[45.4, 75.6]","[1000.0, 10000.0]",Q96SW2
1311,P09874,PARP1,CRBN,,NC(=O)C1=CC=CC2=CN(C3=CC=C([C@@H]4CCCN(CCOCCOCCOCCOCCOCCOCCOCCNC5=CC=CC6=C5C(=O)N(C5CCC(=O)NC5=O)C6=O)C4)C=C3)N=C12,,N.D.,,,,928.053,927.437820392,2.09,67,7,16,3,29,224.34,NC(=O)C1=CC=CC2=CN(C3=CC=C([C@@H]4CCCNC4)C=C3)N=C12,O=C1CCC(N2C(=O)C3=CC=CC=C3C2=O)C(=O)N1,CCOCCOCCOCCOCCOCCOCCOCCN,False,,,Q96SW2
2116,Q05397,FAK,CRBN,,CNC(=O)C1=CC=CC=C1NC1=CC(NC2=CC=C(N3CCN(CCCCCCCCNC4=CC=CC5=C4C(=O)N(C4CCC(=O)NC4=O)C5=O)CC3)C=C2OC)=NC=C1C(F)(F)F,,,,>85/>85,% FAK degradation in PA-TU-8988T cells after 4 h treatment at 10/100 nM,883.973,883.399265044,7.83,64,7,12,5,18,177.34,CCN(CC)c1ccc(Nc2cc(Nc3ccccc3C(=O)NC)c(C(F)(F)F)cn2)c(OC)c1,NC1=CC=CC2=C1C(=O)N(C1CCC(=O)NC1=O)C2=O,CCCCCCCCN,True,"[85.0, 85.0]","[10.0, 100.0]",Q96SW2
513,Q9UM73,ALK,VHL,,COC1=CC(N2CCN(C(=O)CCCCCCC(=O)N[C@H](C(=O)N3C[C@H](O)C[C@H]3C(=O)NCC3=CC=C(C4=C(C)N=CS4)C=C3)C(C)(C)C)CC2)=CC=C1NC1=NC=C(Cl)C(NC2=CC=CC=C2P(C)(C)=O)=N1,>50,,Degradation of ALK in SR cells after 16 h treatment,,,1055.684,1054.44192983,7.26,73,7,14,5,20,211.32,COC1=CC(N2CCNCC2)=CC=C1NC1=NC=C(Cl)C(NC2=CC=CC=C2P(C)(C)=O)=N1,CC(=O)N[C@H](C(=O)N1C[C@H](O)C[C@H]1C(=O)NCC1=CC=C(C2=C(C)N=CS2)C=C1)C(C)(C)C,CCCCCC=O,True,,,P40337
2898,O60885,BRD4,CRBN,,CC1=C(C)C2=C(S1)N1C(C)=NN=C1[C@H](CC(=O)NCCCCCNC(=O)COC1=CC=C(C3CCC(=O)NC3=O)C=C1)N=C2C1=CC=C(Cl)C=C1,24,,Degradation of BRD4 in HD-MB03 cells after 12 h treatment,,,730.291,729.25001606,4.47,51,6,10,3,13,156.67,Cc1sc2c(c1C)C(c1ccc(Cl)cc1)=NCc1nnc(C)n1-2,O=C1CCC(C2=CC=CC=C2)C(=O)N1,CC(=O)NCCCCCNC(=O)CO,True,,,Q96SW2
1411,P10721,c-KIT,CRBN,,CC1=C(C(=O)NCCCCCCNC2=CC=CC3=C2C(=O)N(C2CCC(=O)NC2=O)C3=O)C(C)=C(/C=C2\C(=O)NC3=CC=C(F)C=C23)[NH]1,,N.D.,,,,654.699,654.26021106,3.73,48,6,7,5,11,169.57,Cc[nH]c(/C=C1\C(=O)Nc2ccc(F)cc21)cC,NC1=CC=CC2=C1C(=O)N(C1CCC(=O)NC1=O)C2=O,CCCCCCNC(C)=O,False,,,Q96SW2
1856,P35613,CD147,CRBN,,COC(=O)C1=CC[C@]23CC[C@@H]([C@@]2(OC(C)=O)CC1)[C@@](C)(/C=C/C=C(\C)C(=O)N1CCN(C2=CC=CC4=C2C(=O)N(C2CCC(=O)NC2=O)C4=O)CC1)OC3=O,>40000,,Degradation of CD147 in Sk-Mel-28 cells after 6 h treatment,,,756.809,756.300658228,2.07,55,7,12,1,7,186.0,COC(=O)C1=CC[C@]23CC[C@@H]([C@@]2(OC(C)=O)CC1)[C@@](C)(/C=C/C=C(\C)C=O)OC3=O,O=C1CCC(N2C(=O)C3=CC=CC=C3C2=O)C(=O)N1,C1CNCCN1,False,,,Q96SW2
